id;name;created;description;url
1;Cambridgeshire Interactions;2020-07-22;Saudi Riyal;https://reinhold.info
2;Ball utilisation Idaho;2020-07-22;disintermediate Supervisor Harbors;http://ethan.info
3;Outdoors Legacy Credit Card Account;2020-07-23;Lake Liaison Steel;http://rahul.biz
4;Auto Loan Account Alaska Clothing;2020-07-23;vortals interface;https://caitlyn.biz
5;circuit Borders XSS;2020-07-22;Thailand;http://eleonore.org
6;communities Customer Quality;2020-07-23;users RSS;https://raymond.net
7;flexibility;2020-07-22;Wooden;http://kip.name
8;Optimization FTP;2020-07-23;archive Metal Money Market Account;http://ariel.org
9;Mouse Handmade;2020-07-23;SMTP Intelligent Frozen Pants;https://karli.net
10;zero administration;2020-07-23;metrics Handmade New Leu;https://winston.info
